propertyName,zoneGuid,zoneName,rateHourly,rateDaily,rateEvening,rateFull,commuter,eveningsWeekends
210 Rue Masson,A3D1339E-7EF7-487B-A458-11152F32F6B2,210 Rue Masson - Uncovered,1,5,2,65,50,25
38 Carlton Street,503705D9-8EFB-4997-B2F8-630C3F6279B2,38 Carlton Street - Uncovered,1,5,2,0,0,0
474 Henderson,E36D572A-AC53-4A49-90A0-CFBAB88E750E,474 Henderson Hwy - Uncovered,1,5,2,0,0,0
41(B) Balmoral Street Winnipeg,EB818D98-7EE9-4F4B-B768-CEB0AF6ABA43,41(B) Balmoral Street - Uncovered,1,5,2,115,95,25
94 Roslyn Rd,B167EC6F-9F0B-4F01-B7DD-E7A92B26BF48,94 Roslyn Road - Standard Uncovered,1,5,2,99,75,25
130 Scott St.,CD0A4B1D-6703-4F83-BC24-1C620D7B2ADF,Standard Uncovered,1,20,10,199,129,99
2211 McPhillips,91FAD031-1E56-4E41-A8A1-E83FFFD7EB0C,2211 McPhillips - Uncovered,1,5,2,40,30,20
458 Balmoral St.,C0053857-116C-4D2D-8EFF-AF55E73CDEC5,458 Balmoral St. - Covered,1,5,2,140,110,80
1295 Pembina Hwy,E4C6C8B7-78F6-42C6-BA34-6DBB27273401,1295 Pembina Hwy - Uncovered,1,5,2,25,20,15
154 Evanson Street,AEE02836-7C8C-4CB9-A41C-EA35F777259B,154 Evanson St. - Lot Management,3,0,0,0,0,0
Motorcycle Parking Only  - 149 Portage Ave E,6756DAB5-E498-4D08-81CB-A467559D2BF9,149 Portage Avenue East - Motorcycle Parking,2,10,8,0,0,0
400 Tache Ave,BF1647CB-2093-41B0-868E-48D81924C62C,Green Zone - PARK AND PAY ,4,17.5,3,1,1,50
200 Burning Glass Rd.,CCF89CBC-6517-4A03-A5C1-FCAF1C02060E,200 Burning Glass Rd. - Visitor Parking,0,0,0,0,0,0
169 Provencher Blvd.,97CDA70C-932B-415C-B3B0-9AB18939E3A2,169 Provencher Blvd. - Uncovered,1,5,2,70,50,30
826 Silverstone Avenue,80899AD9-940C-4B79-9C20-C5ABDC700405,826 Silverstone Avenue - Uncovered,1,1,1,1,45,1
400 Tache Ave,BF1647CB-2093-41B0-868E-48D81924C62C,Green Zone - PARK AND PAY ,1,17.5,3,1,1,50
339 Cumberland Ave,C6CBF914-6C22-41F8-BF51-49C8D996FB04, 339 Cumberland Avenue - Uncovered,2,1,5,0,0,0
154 Evanson,A6DD14E3-A811-48E7-9A43-F35F003E21A2,154 Evanson St. - Uncovered,1,5,2,50,35,25
1050 Henderson Hwy,E6130EBC-2101-484E-9BD7-D5DB81DB0678,1050 Henderson Hwy. - Uncovered,1,5,2,1,25,1
561 Wellington Crescent,DCBA497F-28E7-4353-990A-8755C334C10B,561 Wellington Crescent - Uncovered,1,5,2,90,70,25
50 Carlton Street,9753F478-AF90-414F-A6A1-22BA4E892F41,50 Carlton Street - Uncovered,1,5,2,175,140,60
7 & 11 Evergreen Towers - Visitors Only ,5FC1929A-B582-44B9-9C01-1BB43B31446A,7 & 11 Evergreen Place - Uncovered,2.5,0,10,0,0,0
176 Smith St. ,24623CD5-EE21-4187-BFC4-2981F0A8C43A,176 Smith St. - Monthly Available,6,18,18,1,225,1
603 Wellington Crescent,180C325A-8E2C-4473-9B74-A164D7D17267,603 Wellington Crescent - Uncovered,1,5,2,55,45,25
572/578 Corydon Ave,BF0F1093-14EF-42DB-BF6C-343015B0116E,572/578 Corydon Avenue - Uncovered,1,5,2,75,50,35
207 Carlton St. ,E01CAFB8-878E-46DE-85CF-11B9C65FF9CE,207 Carlton St. - Event Parking,7,18,17,0,0,0
1050 Moncton Ave.,F9A4E037-5EF4-4120-8421-4FAF5A47D72A,1050 Moncton Ave. - Guest Parking,1,0,0,0,0,0
139 Tuxedo,6D2DDD4F-43B5-4242-B71C-0A1EE90F65F2,139 Tuxedo - Prebooking,20,0,0,0,0,0
318 Assiniboine Ave. ,97DD6374-853B-4B2C-9279-2EE2CA273A89,318 Assiniboine Ave. - Uncovered,2,10,5,150,110,75
990 Markham Road,C7C64247-73FB-4C11-942E-7A757F16A840,990 Markham Road - Guest Parking,1,0,0,0,0,0
145/149 Arlington Street,9050782D-CD46-4943-B7F4-20A1F4C57860,145/149 Arlington St. - Uncovered,1,5,2,50,35,35
1205 Grant Avenue,1B2D3087-1B6A-4B8B-A809-0380708A331A,1205 Grant Ave. - Guest Parking,1,0,0,0,0,0
20 Lyndale Drive,6BCB828A-2795-4E19-A0A2-1FE5EF633701,20 Lyndale Drive - Uncovered | 24/7,1,5,2,80,60,35
324 Logan Ave.,211E0766-8866-4260-BBAE-92849B5C6B8A,324 Logan Ave - Surface Parking 24/7,1.5,6,3,120,90,50
50 Southpark Drive,8E1CBFF8-DD42-4290-B607-643EAD46A5B1,50 Southpark Drive - Guest Parking,1,0,0,0,0,0
225 Princess St. ,37DC449A-2F4B-4BD4-A408-FEA5A06DA4B7,225 Princess St. - Uncovered,3,12,5,180,110,90
1661 Portage Ave - Paid Daily + Monthly ,33DB321A-4E05-456D-AF00-031AD80849E5,1661 Portage Ave - Scramble No Plug - Paid,3,0,0,1,65,1
100 Prevette Street,D9143A1B-FD43-4ECA-898B-A716EDE49408,100 Prevette St. - Guest Parking,1,0,0,0,0,0
80 Lombard ave.,7EE241FE-4818-46F7-A34B-8F1293248CBE,80 Lombard Ave. - Rear Parking,3,16,6,210,170,1
482 Balmoral St. ,62987E0B-39A9-4F40-B880-6ACF548825A3,482 Balmoral St. - Assigned Stalls,1,5,4,120,100,70
590 University Crescent,2ED2EE13-F24E-4B44-9DCF-4544A78D4DC0,590 University Crescent - Game Day,1,5,9,1,65,1
30 University Crescent,1D96AA3D-66C4-4D2E-9FBA-4E005C33D85D,30 University Crescent- Scramble Parking,9,2,9,0,0,0
590 University Crescent,95F548C3-BE3C-4022-95EF-0E78B6C06948,590 University Crescent - Uncovered,1,5,9,1,1,1
297 Furby St. ,E645B932-AF46-48F6-ADBD-88BDC2197017,297 Furby Street - Uncovered,1,1,1,70,50,35
590 University Crescent,95F548C3-BE3C-4022-95EF-0E78B6C06948,590 University Crescent - Uncovered,6.5,5,9,1,1,1
85 Hargrave St. ,E5B370AC-A8F5-41BD-B0CD-989FAD106B6A,85 Hargrave St. - Lot Management,3,0,0,0,0,0
800 Corydon,3988CF03-9581-42D4-B8E5-C4418067DE8D,800 Corydon - Uncovered,1,5,2,0,0,0
66 Killarney Avenue,733E322E-D56A-4C04-83F5-BD7E89AFD373,66 Killarney Avenue - Guest Parking,1,0,0,0,0,0
1661 Portage Ave - Paid Daily + Monthly ,620FA094-27D2-4247-9A46-A160F8EFCF72,1661 Portage Ave - Hub International Bulk pay,3,0,0,7870,1,1
277 River Avenue,E644B6C5-6C7E-483A-8303-ECB6AD126E44,277 River Avenue - Uncovered,1,5,2,0,0,0
275 Stradbrook Ave,9786E741-65EE-43E9-9A1C-938BD6083BD0,275 Stradbrook Avenue | Uncovered - Pre-booking,1,5,2,80,60,50
491 Stradbrook Avenue,BF3D4933-BE9A-4FB1-A85C-ADEB47BABF1F,491 Stradbrook Avenue - Uncovered,1,5,2,99,75,25
201 Thomas Berry St. ,EB79F0E4-D984-4F73-9B60-FA65D12C3F9F,201 Thomas Berry St. - Uncovered,3,12,7,150,100,50
50 Hargrave,ACE1B67D-DF7E-4BCF-99CF-E70A36A6392F,50 Hargrave - Uncovered,1,5,2,0,0,0
691 Sherbrook St. ,9F9A5AB3-0DED-486A-90D1-C742B19A0137,691 Sherbrook Street - Uncovered,1,5,2,0,0,0
133 Matheson Ave East,7F6FE858-1EC2-4649-A706-D80EFF22F10F,133 Matheson Ave East - Uncovered,1,5,2,0,0,0
282 Furby St.,4D876A67-6820-41DF-9A37-76C2B50F1542,282 Furby Street - Uncovered,1,5,2,80,60,45
438 Aulneau Street ,A4C11979-F7CC-4967-8698-9DF7BEF7D714,438 Aulneau Street - Uncovered,1,5,2,0,0,0
303 Stradbrook Ave,9B18FD19-2EFD-4CFE-81E1-395FEBF2C6D5,303 Stradbrook Avenue - Uncovered,1,5,2,0,0,0
275 Nassau Street ,FA8D7164-32C3-4A41-B400-D581ABE830CC,275 Nassau Street - Uncovered,1,5,2,50,35,35
30 University Crescent,1D96AA3D-66C4-4D2E-9FBA-4E005C33D85D,30 University Crescent- Scramble Parking,1,2,9,0,0,0
462 Hargrave St. ,FB6129EF-1693-4295-814D-38906AB9749B,462 Hargrave St. - Gloria 11,3,0,0,1,60,1
1695 Pembina Hwy,3FE30EDE-9385-4EE2-96B6-7637D57C0E29,1695 Pembina Hwy. - Uncovered,1,5,2,0,0,0
1661 Portage Ave - Paid Daily + Monthly ,17228CE2-28A6-4616-A099-0A58B3483158,1661 Portage Ave - North Co Management Bulk pay,3,0,0,605,1,1
291 Stradbrook Ave,9A23F2C8-4EDF-49BC-A336-84F4A1AF1B24,291 Stradbrook Avenue - Uncovered,1,5,2,0,0,0
2350 McGillivray Blvd.,FC6518F6-3DE4-4271-9E29-2A32D7E38F5D,The Ridge Apartments - Visitor Parking,0,0,5,1,1,1
555 Broadway,B5EC6428-CC8D-47B8-9D6C-723FB18C0788,555 Broadway - Uncovered,1,5,2,125,100,75
118 Sherbrook St. ,28FC0BB1-A06C-4E7C-A7EF-593EB50054DC,118 Sherbrook St. - Uncovered,3,1,1,1,1,1
462 Hargrave St. ,C5AD1228-75E3-4D60-B39E-ACE95604A0B1,462 Hargrave St. - Ronnie 8,3,0,0,1,75,1
366 Young St. ,29EA37D8-D21B-4FEE-8C14-A5E3070BAEDE,366 Young St. - Assigned Stalls,1.5,7.5,6,138,110,80
280 Garry St. ,99A6BFCE-33C3-482A-84DD-CB4BFD0247DE,280 Garry Street - Pre-book,4,12,12,200,170,120
1661 Portage Ave - Paid Daily + Monthly ,4AC13A9B-8282-4DD3-9796-B492C479D818,1661 Portage Ave - Doheny Securities Bulk pay,3,0,0,680,1,1
785 Keewatin St.,DF7F7888-0247-4F3E-A5BE-D4F133F03D72,785 Keewatin Street - Uncovered,1,5,2,25,20,15
767 Beverley St. ,031E1B74-BC10-4FA9-B091-9192B11544F1,767 Beverley Street - Uncovered,1,5,2,80,65,40
1661 Portage - Visitor - Free 2 Hour Max ,80CEA3E9-0D7F-4905-A0C1-2C7AAB186FD8,1661 Portage - Visitor Free 2 Hour Max,0,0,0,0,0,0
33 Southpark Drive,59E5D167-DBD4-46A7-9950-C909B8B04E73,33 Southpark Drive - Guest Parking,1,0,0,0,0,0
548 Main St. ,7CC10840-E754-4178-B2F5-A58879375DEC,548 Main St. - Uncovered,3,12,12,0,0,0
401 Stradbrook Ave,61A5363E-2BCE-4CC3-943D-4F41DFC28D86,401 Stradbrook Ave - Uncovered,1,5,2,0,0,0
1661 Portage Ave - Paid Daily + Monthly ,09E747A2-DA59-44DE-A669-02027E79EB90,1661 Portage Ave - CCGA Bulk pay,3,0,0,1175,1,1
Development 123,378D35CF-14E4-4A1E-9C6A-F910392548F6,Development 123 - lot management ,0,0,0,0,0,0
37 Edmonton St.,5B646F69-07A4-4DBB-A32A-67F004531099,37 Edmonton Street - Uncovered,1,1,5,0,0,0
203 Thomas Berry St. ,5F9F63EF-236C-4DBD-AD6C-74E88C090064,203 Thomas Berry St. - Uncovered,3,12,7,150,100,50
1661 Portage Ave - Paid Daily + Monthly ,875EDD70-2816-4C04-9222-8F3C38E868E8,1661 Portage ave - Reserved B Paid,3,0,0,85,1,1
1661 Portage Ave - Paid Daily + Monthly ,CD4F730D-5DCF-443B-88F0-9F0CA9C2322B,1661 Portage Ave - Executive Paid,3,0,0,95,1,1
660 Dakota St.,27A61172-E643-41AE-9627-150147D7829E,660 Dakota Street - Guest Parking,1,0,0,0,0,0
56 Kate St.,78756047-5691-4A87-A674-9BD670C77E89,56 Kate Street - Uncovered,1,5,2,80,65,40
2295 Pembina Hwy.,8485AE13-FEB0-4D74-B4F6-60DCE8421D50,2295 Pembina Hwy - Uncovered,2,5,5,75,60,25
1919 Bishop Grandin,90518C97-9A3A-4E04-A10D-9829666539F3,1919 Bishop Grandin - Uncovered,1,5,2,25,20,15
172 Edmonton St. ,AC180CAB-686C-43D6-9C82-667219FCA34F,172 Edmonton St. - Uncovered Evenings/Weekends,3,14,12,230,200,170
532 Ellice Avenue,B5077CFF-9BAE-43FF-8004-6EC5263E6C85,532 Ellice Avenue - Uncovered,1.5,7.5,6,138,110,80
105 Galt Ave.,0B886FF8-CFC5-4EBB-9222-2B07D83F6A52, 105 Galt Ave. - Uncovered,1,1,2,0,0,0
430 Stradbrook Ave,9E690F19-6C5B-40D4-8689-77CB4D658A67,430 Stradbrook Avenue - Uncovered,1,5,2,0,0,0
859 Grosvenor Ave. ,CB55158D-5C0E-4721-B139-38765CBD3067,859 Grosvenor Avenue - Lot Management,3,0,0,0,0,0
275 Stradbrook Ave,40E08255-DF2E-4F74-A92D-B82857E644DD,275 Stradbrook Avenue | Uncovered - Guest Checkout,1,5,2,80,60,50
Development 123,356719A5-E30E-47D8-9706-3D40E94706ED,Development 123 - marketplace,0.5,2,0,0,0,0
1661 Portage Ave - Paid Daily + Monthly ,DF29297E-63B8-4793-82E3-17996E482788,1661 Portage Ave - Heartland Fertility Bulk pay,3,0,0,580,1,1
GrydPark Dev,835CDF68-763A-46DB-A61A-D37D02D2F98D,GrydPark Dev Zone,0,0,0,0,0,0
1681 Pembina Hwy,48F23AC6-001E-43E5-850A-EC1A549B1113,1681 Pembina Hwy - Uncovered,1,5,2,0,0,0
164 Dollard,304784C9-87DC-4FC1-9968-493526C07FF7,164 Dollard Blvd. - Uncovered,1,5,2,125,99,25
366 Young St. ,1BEC3C0A-B332-4A4C-AE8C-9265F62C516B,366 Young St. - Scramble Parking ,1.5,7.5,6,138,110,80
85 Hargrave,86268AFA-EEB0-4BBB-A20E-49F1DE4838B4,85 Hargrave - Uncovered,1,5,2,175,150,35
39 Westbrook St. ,26962619-9F04-4922-BB4F-0CB4C67C8A36,39 Westbrook St. - Uncovered,2,6,6,0,0,0
349 Edison Avenue,02AE7815-197B-4515-8A90-BE76C24A603F,349 Edison Avenue - Guest Parking,1,0,0,0,0,0
400 Tache Ave,16149241-9455-4A4C-A3F4-9033A1849C33,Blue Zone - PRE-BOOK,1,17.5,3,1,1,50
563 William Ave. ,71E9C362-13C1-468F-AC80-1338C46A2634,563 William Ave - Uncovered,2,5,3,70,65,50
516 Hargrave,B624B3F3-7989-42DD-87F0-756107B91E76,516 Hargrave - Uncovered,1,1,4,0,0,0
840 Waverley St. ,EFDADBD5-8856-4245-BB25-0112AC71708B,840 Waverley Street - Uncovered,1,5,2,25,20,15
246 Lilac St.,9D91FF50-0FC5-4385-BD48-678E29701E8E,246 Lilac Street - Uncovered,1,1,10,0,0,0
324 Logan Ave.,9075167F-5D90-489A-A619-059EA2F6C250,324 Logan Ave - Surface Parking ,1.5,6,3,0,0,0
230 Osborne St,3A8AE4A0-26A0-4F38-BAF0-54B4E1F0FC34,230 Osborne Street - Uncovered,1,5,2,99,75,25
1139 Grant Ave.,6FD2FD48-2A85-40D5-B1AB-1D43647CB259,1139 Grant Ave. - Uncovered,1,5,2,45,1,1
114 Juno St. ,4F343E02-1045-48B6-A0AA-F8573476D681,114 Juno St. - Uncovered,1,5,2,1,1,1
1910 Pembina Hwy,8843D9F9-DD59-41F2-B9DC-577A532C74ED,1910 Pembina Highway - Guest Checkout,1,5,2,30,25,20
400 Tache Ave,16149241-9455-4A4C-A3F4-9033A1849C33,Blue Zone - PRE-BOOK,2,17.5,3,1,1,50
2350 McGillivray Blvd.,FC6518F6-3DE4-4271-9E29-2A32D7E38F5D,The Ridge Apartments - Visitor Parking,1,0,5,1,1,1
363 William Ave,50E386E9-68F3-45CF-9B11-928FBC178AFF,363 William Ave - Hourly/Daily,4,14,4,0,0,0
456 Langevin Street,B3F3A83E-F92D-426A-B6EC-DD0DD8F38E9C, 456 Langevin Street - Uncovered,1,5,2,0,0,0
311 Stradbrook Ave,AFD1A97C-4379-4369-99C4-4691D824B26D,311 Stradbrook Avenue - Uncovered,1,5,2,0,0,0
2300 Portage Ave.,BDA2AF19-F889-47DD-B4E8-6A6144FCA152,2300 Portage Avenue - Uncovered,1,5,2,20,15,10
244 Hindley Ave.,028E47B7-426E-4B26-9690-351A4466D4B6,244 Hindley Ave. - Uncovered Driveway,1,5,2,60,45,30
458 Balmoral St.,66D13A55-D536-4EF7-B0A9-27AEBD6B6D6C,458 Balmoral St. - Uncovered,1,5,2,140,110,80
1910 Pembina Hwy,282247AE-B6A4-43E2-A223-A73F7CE5B3E5,1910 Pembina Highway - Uncovered,1,5,2,30,25,20
590 University Crescent,2ED2EE13-F24E-4B44-9DCF-4544A78D4DC0,590 University Crescent - Game Day,6.5,5,9,1,65,1
80 Prevette St.,7E32FA03-CAC9-4F50-B7F0-28644AD661A0,80 Prevette Street - Guest Parking,1,0,0,0,0,0
707 Leila,42C411AA-1C46-416A-9E21-0E8F7E62695A,707 Leila Avenue - Guest Parking,1,0,0,0,0,0
340 Assiniboine Ave.,B4A10201-F7F7-4BB5-85AC-F3D0D35D18D2,340 Assiniboine Ave. - Uncovered,2,10,6,170,140,100
183 Maryland Street,2BE80982-1C54-4FAA-9AD8-F783C760A278,183 Maryland Street - Uncovered,1,5,2,50,35,35
1661 Portage Ave - Paid Daily + Monthly ,3BAD52EF-B425-4949-9875-3449B75451FE,1661 Portage Ave - Bioscript Bulk pay,3,0,0,1100,1,1
570 St. Mary's Rd.,BEB945E7-01A4-4F4E-AD91-27FA672E5748,570 St. Mary's Road - Uncovered,1,5,2,0,0,0
33 Killarney Avenue,0B06964E-C349-4BD1-8D92-EF8CF4BC3733,33 Killarney Avenue - Uncovered,1,5,2,0,0,0
199 Langside St.,1A5558F0-C369-42F2-9B18-6BFD5C75BE5D,199 Langside Street - Uncovered,1,5,3,1,1,1
1661 Portage Ave - Paid Daily + Monthly ,FEE9892B-5075-4B95-A0C2-44B4A767B065,Visitor Parking - More than 2 hours ,1,6,0,1,1,50
176 Smith St. ,0F120B28-268F-465F-92A5-C803854B0D30,176 Smith St. - Evenings and Weekends,6,0,18,0,0,0
875 Notre Dame Ave. ,D06B4AE0-8ED6-4835-BCCF-369746FB7039,875 Notre Dame Avenue - Standard Uncovered,1,5,2,0,0,0
297 Enfield Cres,D9C33EC1-75D7-4D60-B777-49C9165928B7,297 Enfield Crescent - Uncovered,3,5,2,50,35,35
462 Hargrave St. ,A8CE964C-0118-459B-B3C2-13C064D9E2E9,462 Hargrave St. - Alana 10,3,0,0,1,50,1
80 Balmoral St. ,3D9FCC8B-D93F-4F4A-A990-4CB1E6BF9F39,80 Balmoral Street - Uncovered,1,6,3,115,95,25
1661 Portage Ave - Paid Daily + Monthly ,9AE4C608-0BCA-4DFF-8BF0-1E42017E900F,1661 Portage Ave. - Scramble with Plug,3,0,0,70,1,1
1661 Portage Ave - Paid Daily + Monthly ,CE4DB0FD-042D-493E-87C4-17EC3ED9E2DA,1661 Portage Ave - Scramble Plug - Paid,3,0,0,1,70,1
765 Ellice Ave,1D03CB5B-7553-4214-81C3-ECFDB574E1D4,765 Ellice Avenue - Uncovered,1,5,2,0,0,0
1777 St. Mary's Road,9D4CA52E-DA55-41B1-BE90-8CC78EC9F74D,1777 St. Mary's Road - Visitor Parking,0,0,5,0,0,0
40 Hargrave Street,4DB4A47A-F1C6-4ACC-AA41-5FCA8113AE62,40 Hargrave Street - Uncovered,1,5,2,120,90,60
20 Lyndale Drive,F1A38E92-0329-4E9B-B6CE-4F288DF4432D,20 Lyndale Drive - Uncovered | Hourly,1,5,2,0,0,0
FAKE,600F8524-72E3-427A-A18C-2476DF94026D,fake,3,0,0,0,0,0
339 Cumberland Ave,B5F610EB-2030-4C5B-8CE2-9B4FEA54AA3B,Evenings and Weekends - Guest Checkout,2,1,5,0,0,0
139 Tuxedo,B6CFE28E-0C9B-42F8-935E-8F56DD86E037,139 Tuxedo - Do Not Book,20,0,0,0,0,0
1661 Portage Ave - Paid Daily + Monthly ,3185FDC5-E9D1-4452-BB1D-5A9F3745DF19,1661 Portage Ave - CBCGA Bulk Pay,3,0,0,820,1,1
250 Thomas Berry St.,EDD0F596-68A0-4203-B7E6-05C00F1C6CF3,250 Thomas Berry Street - Uncovered,1,5,2,99,75,25
1661 Portage Ave - Paid Daily + Monthly ,1A424207-0F5E-49E0-A51E-03D6F11335DA,1661 Portage ave - CPSM Bulk pay,3,0,0,3845,1,1
126 Bryce Street,8BB98C37-7A43-4E48-ACE3-C1183315EFD2,126 Bryce St. - Uncovered,1,7,4,126,90,70
391 Gertrude,1B829EEE-511D-4073-9718-34816A3E6729,391 Gertrude - Uncovered,1,5,2,0,0,0
80 Lombard ave.,E53BB96A-AF20-4CB7-9427-809F5A811FC6,80 Lombard Avenue - Motorcycle Parking,2,10,8,1,1,1
41(B) Balmoral Street Winnipeg,FF5696CB-B7FF-4807-86A8-C0D29A5CB94E, 41(B) Balmoral Street - Uncovered,1,5,2,115,95,25
215 McLean Ave,3612CEB0-3DAC-404A-A6F4-2C7AEBCB0BE3,215 McLean Avenue - Uncovered,1,5,2,0,0,0
648 Sherbrook,7C5B3229-9EFA-4B9F-9182-53C110C62BE6,648 Sherbrook - Uncovered,1,5,2,80,65,40
1661 Portage Ave - Paid Daily + Monthly ,720FAD7B-DDD5-4811-BC69-9AA249B5429E,1661 Portage Ave - Portage Mutual Bulk pay,3,0,0,140,1,1
520 William Avenue,C49525C2-A7F1-4209-8BDD-6A18784C2337,520 William Avenue - Uncovered,1,5,2,1,65,1
400 Tache Ave,16149241-9455-4A4C-A3F4-9033A1849C33,Blue Zone - PRE-BOOK,4,17.5,3,1,1,50
828 Silverstone Avenue,35D6B216-0C3A-4A5F-A81D-1C7EE26CED22,828 Silverstone Avenue - Uncovered,1,5,2,1,45,1
396 Stradbrook Ave,33F1A861-9F50-48B9-BE0F-23C458DFFF72,396 Stradbrook Avenue - Uncovered,1,5,2,99,75,45
207 Carlton St. - Monthly,5B66846F-182D-4219-8784-5BD368C68E59,207 Carlton St. - CHURCH USE ,0,0,0,0,0,0
94 Roslyn Rd,9932C4AE-185C-4FAF-A85B-AF3DBF8440FF,94 Roslyn Road - Monthly Parking,1,5,2,99,75,25
324 Young St.,F53E5DD7-A313-4251-A129-9513CFD098E5,324 Young Street - Uncovered ,1,5,5,0,0,0
499 Osborne St.,747E560F-F11E-41AA-BB11-632E50C72B01,499 Osborne Street - Uncovered,3,1,1,1,1,1
395 Wardlaw Ave,25A5F9BB-603A-4D79-A24E-953E78897250,395 Wardlaw Avenue - Uncovered,1,5,2,0,0,0
668 Corydon Ave. ,E0479F9B-FB42-4506-AB5D-734B4A045FC1,668 Corydon Ave. - Uncovered,1,5,10,70,50,35
363 William Ave,8042870D-AAB6-473B-8B07-71270B21ADEA,363 William Ave - Monthly Reserved,4,14,4,260,195,100
66 Carlton Street,900FD77D-BED2-4597-BB83-16D436D521FD,66 Carlton Street - Uncovered,1,5,2,0,0,0
284 Notre Dame Street,C5D79BA5-F402-4614-9123-3F699020A8C0,284 Notre Dame Street - Uncovered,3,1,1,1,1,1
226 Grassie Blvd.,32F058CA-DCF1-449E-AB23-FAD0AA84E259,226 Grassie Blvd. - Lot Management,3,0,0,0,0,0
825 Corydon,01125CCC-BDF9-4F5E-98A5-D5429E1630D8,825 Corydon - Uncovered,1,5,2,0,0,0
475 Berry St,E17754C2-C695-4241-8A95-A48A7EB32025,475 Berry Street - Uncovered,1,5,2,1,1,25
36 Carlton Street,AEC63F2C-3A28-4752-AC6D-ACF98E73847A,36 Carlton Street - Uncovered,1,5,2,0,0,0
Winnipeg Rowing Club - Hourly,32D5F84C-4408-478E-B2F7-880FD002E02F,Standard Uncovered - Hourly,1,5,2,0,0,0
441 Carlton St. ,7DDDD68E-B3A6-4B44-B858-538F67A3C906,441 Carlton St. - Uncovered,2,5,5,100,75,50
53 Southpark Drive,3781CDD0-22DD-4211-B606-7BFFDF6ACBDC,53 Southpark Drive - Guest Parking,3,0,0,0,0,0
207 Carlton St. ,E83BD8C5-6F71-4D95-AF6C-F072E2EAC9A9,207 Carlton St. - Event Prebooking,7.5,18,17,0,0,0
1241 Grant Ave,B4AD1E4D-0BC0-4073-A701-1CC4859E9E26,1241 Grant Ave - Uncovered,1,5,2,0,0,0
1661 Portage Ave - Paid Daily + Monthly ,215CF8D7-5DA3-46FE-9B22-FF39810AC751,1661 Portage Ave - Scramble no plug Paid,3,0,0,65,1,1
294 Stradbrook Ave,B80F1FBB-52A0-45F3-BB2A-F58EF5DD1544,294 Stradbrook Avenue - Uncovered,1,5,2,0,0,0
308 Colony St.,AB239D22-611F-4481-B7A4-5E36BA389EDD,308 Colony Street - Uncovered,3,8,10,110,90,50
853 Bannatyne Ave.,041E785E-14DC-4F17-A73D-BDB5802D5E1E,853 Bannatyne Avenue - Standard Uncovered,1,5,2,0,0,0
160 Furby Street,CE39D828-25A7-4FE0-962D-09878D7E9905,160 Furby St. - Uncovered,3,1,1,1,1,1
53 Carlton Street,B8C3D563-D2B5-4DCE-8498-D35EB2AE0761,53 Carlton Street - Uncovered,1,5,2,0,0,0
584 McMillan Ave,69481A0A-2C33-4876-BE33-99CFE1EAF528,584 McMillan Avenue - Uncovered,1,5,2,75,50,35
7 & 11 Evergreen Towers - Visitors Only ,5FC1929A-B582-44B9-9C01-1BB43B31446A,7 & 11 Evergreen Place - Uncovered,0,0,10,0,0,0
680 Sherbrook St.,E8B40AC1-85C8-4444-A245-1D21F7BF4931,680 Sherbrook Street - Uncovered,1,5,4,70,55,40
257 Toronto,8186EBD8-A23A-4A6E-9A82-FF449F03B917,257 Toronto - Uncovered,1,5,2,0,0,0
1661 Portage Ave - Paid Daily + Monthly ,AEC4ADF3-C13A-4671-85DF-56F7D252E091,1661 Portage Ave - Oral Surgery Centre Bulk pay,3,0,0,375,1,1
246 Lilac St.,45903DC1-C22E-4E4D-8502-C5ECA30AC164,246 Lilac Street - Uncovered,1,1,10,0,0,0
280 Garry St. ,677E53AA-0694-4548-9AC8-C7C4DB9EC9CE,280 Garry St. - Scramble Parking,4,12,8,0,0,0
800 Beverley Street,168AC704-0F61-4AE5-93C3-8FB57A243B5A,800 Beverley Street - Uncovered,1,5,2,0,0,0
535 Corydon Ave,08E43473-F8B6-45B2-B571-B299AD8AA38D,535 Corydon Avenue - Uncovered,1,5,2,0,0,0
176 Smith St. ,C6EBD46D-4EF4-474A-849C-12ED92870687,176 Smith St. - 24/7,6,18,18,0,0,0
70 Southpark Drive,716BCD43-4551-4526-AF03-65E26CBE974D,70 Southpark Drive - Guest Parking,1,0,0,0,0,0
439 Berry St. ,0A555AEC-A825-42BA-90B6-476225F25207,439 Berry Street - Uncovered,1,5,2,0,0,0
271 Furby St.,CDE2FEC1-920F-4071-9579-4E260E593E85,271 Furby Street - Uncovered,1,1,1,70,50,35
115 Bannatyne Ave. ,CF5EEEE1-BB5A-4DFC-98FE-AAEE13A375F8,115 Bannatyne Ave. - Uncovered,1,6,3,1,1,99
1661 Portage Ave - Paid Daily + Monthly ,1B71B371-299C-44DF-AF82-A82BCBA474FA,1661 Portage Ave - Unpaid,3,0,0,1,1,1
616 Strathcona St.,DDFD6B32-4E1D-4AC5-9E0B-7813E6921AA7,616 Strathcona Street - Guest Parking,1,0,0,0,0,0
1661 Portage Ave - Paid Daily + Monthly ,8E8709F8-7EDE-4988-A4B0-B3CD8E955EA6,1661 Portage Ave - Scramble with plug Paid,3,0,0,70,1,1
179 Langside Street,0E096A97-2EE7-4A3D-80BA-5AF71BCF987F,179 Langside Street - Uncovered,1,8,5,80,65,50
361 Langside St. ,2E1A9679-F559-4ADA-9BB7-A58BD07B8A87,361 Langside Street - Uncovered,1.5,7.5,6,138,120,80
1661 Portage Ave - Paid Daily + Monthly ,AAB9B8D5-4F86-48C4-8CDD-6537B6A660E5,1661 Portage Ave - Staff max Bulk pay,3,0,0,1060,1,1
30 Carlton Street,E5163A43-5634-4F8C-9462-E0B31F867A0A,30 Carlton Street - Uncovered,1,5,2,0,0,0
462 Hargrave St. ,F56FA943-B2C3-4549-B534-18BA8B38173D,462 Hargrave St. - Uncovered,1,5,3,1,75,1
Visitor Parking Only - 60 Osborne St. ,AE100A33-D6B4-4AC7-9846-95DAAE1A2D08,Visitor Parking - 60 Osborne St. ,0,0,0,0,0,0
130 Scott St.,CD0A4B1D-6703-4F83-BC24-1C620D7B2ADF,Standard Uncovered,2,20,10,199,129,99
24 Poulin Dr. ,C2FCF881-DDCB-4391-9425-21073E8EA5DB,24 Poulin Drive - Uncovered ,1,5,2,100,70,35
839 Panet Road,052FCA73-A834-4C9C-8D68-BAF1EDB66996,839 Panet Road - Guest Parking,1,0,5,0,0,0
207 Carlton St. - Monthly,E9BAA0EE-617F-486C-A97E-F9ACD9D1392A,207 Carlton St. - Secure Lot,3,15,15,1,160,100
590 University Crescent,5EA67107-AA24-4FA5-BF11-B3EFB8F3AD5F,590 University Crescent - Monthly,6.5,5,9,1,65,1
587 Broadway,DB3B8BAE-9B7C-4943-8069-62B571E6E16B,587 Broadway - Uncovered,1,5,2,0,0,0
482 Balmoral St. ,DA48A4B0-1279-47DA-878B-E7B8993F2162,482 Balmoral St. - Scramble Parking,1,5,4,120,100,70
1275/1295 Portage Ave,CDAEB416-2B90-4223-87CD-679B9EB8BE5B,1275/1295 Portage Ave - Uncovered,1,5,2,25,20,15
462 Hargrave St. ,0F3F278D-8A15-4125-806D-7EEE3A184F47,462 Hargrave St. - Donna 4,1,0,0,1,75,1
1689 Pembina Hwy,9156C333-CAD8-42E7-BCDB-09D601DF3CEF,1689 Pembina Hwy. - Uncovered,1,5,2,0,0,0
2295 Pembina Hwy.,0D568943-CEA9-4163-9776-FBFC6383B6B4,2295 Pembina Hwy - Zone 1,1,5,5,75,60,25
130 Osborne St. ,E42689AF-E9F7-4B68-AE38-91E40D32BAFB,130 Osborne St. - Uncovered,1,5,3,1,1,70
200 Burning Glass Rd.,28634B9C-BCDD-461A-999C-EFA97425D336,200 Burning Glass Rd. - Lot Management,3,0,0,0,0,0
172 Edmonton St. ,E24A22F7-7E99-42CA-ACE0-CC418EB227EA,172 Edmonton St. - Uncovered 24/7,3,14,12,230,200,130
807 Portage Ave,E5ACAF48-74E3-4A78-AF03-D14B142A01CA,807 Portage Avenue - Uncovered,1,1,2,1,1,30
800 Dovercourt,D31899DD-9BE6-4A5B-95D9-3BC3C09D19BC,800 Dovercourt - Uncovered,1,5,2,25,20,15
400 Tache Ave,BF1647CB-2093-41B0-868E-48D81924C62C,Green Zone - PARK AND PAY ,2,17.5,3,1,1,50
1777 St. Mary's Road,FA11B418-DF4E-460C-A52F-05A20D898E62,1777 St. Mary's Road - Lot Management,3,0,0,0,0,0
1697 Pembina Hwy,ECD02063-E279-47ED-8D50-4F43C53EC9D6,1697 Pembina Hwy - Uncovered,1,5,2,0,0,0
297 Goulet St.,12797EFD-FB69-4465-AAC0-5070FD62ADE3,297 Goulet St. - Scramble Parking,1.5,7,4,90,75,60
460 Portage Ave.,08ED5C57-21E5-4650-A456-3BD8651BDF4E,460 Portage Avenue - Uncovered,2,8,10,0,0,0
207 Carlton St. ,E83BD8C5-6F71-4D95-AF6C-F072E2EAC9A9,207 Carlton St. - Event Prebooking,1.5,18,17,0,0,0
172 Edmonton St. ,1A866EDD-4DBA-46A3-99FE-F750F1B884DE,172 Edmonton St. - Small Car Only,3,14,12,230,200,170
210 Pacific Ave.,BF94498E-EC33-42C4-BBEC-90C6FBE76EE6,210 Pacific Ave - Evening/Weekend,3,1,6,1,1,150
1030 Brazier St.,7F479D28-A2CA-4495-B6F7-E26E4B745237,1030 Brazier St. - Guest Parking,1,0,0,0,0,0
1699 Pembina Hwy,6086A2A0-3C1F-4742-B778-48FA6917CB44,1699 Pembina Hwy - Uncovered,1,5,2,0,0,0
339 Alexander Ave. ,48BDABF6-1561-4442-9F1D-C3AD35A95A75,339 Alexander Ave - Uncovered ,0,0,0,1,1,1
210 Pacific Ave.,E7BF9215-C036-413D-AA72-5E161F482864,210 Pacific Ave - Park Mobile Scramble,3,12,6,0,0,0
296 Stradbrook Ave,3D1FF4ED-DBB9-4EC4-A835-3D522F0A5DF9,296 Stradbrook Avenue - Uncovered,1,5,2,99,75,25
880 Alverstone St. ,E5550431-18E3-4827-BB63-BA32D08C6C1D,880 Alverstone Street - Standard Uncovered,1,5,2,65,50,40
308 Colony St.,C40B849D-BC27-45A8-9C9B-B179CDF601A4,308 Colony Street - Uncovered,2,8,10,110,90,50
1661 Portage Ave - Paid Daily + Monthly ,114BD5BC-F455-493B-9D15-90B256DDB620,1661 Portage Ave - Reserved A Paid,3,0,0,85,1,1
633 Lodge Ave,57F6E319-D279-4C8D-B575-4794BF9D4743,633 Lodge Avenue - Uncovered,1,6,3,0,0,0
465 Hamilton Ave.,3BFD984B-6575-4357-A4DD-5F509C04DE75,465 Hamilton Avenue - Guest Parking,1,0,0,0,0,0
1833 Pembina Highway,178D7AFE-5F8B-47CE-A391-3B7BC4ED6142,1833 Pembina Highway - Guest,1,5,2,50,35,25
304 Stradbrook Ave,AC7B8141-260F-435D-916C-DB2960B30087,304 Stradbrook Avenue - Uncovered,1,5,2,99,75,25
585 William Ave.,8A14CCFE-0FC0-4A81-B1FD-944CC5B83702,585 William Avenue - Uncovered,1,5,2,70,65,50
60 Edmonton Street,E01AF274-2058-4DB7-BEAD-30C3C022FB9B,60 Edmonton Street - Uncovered,1,5,2,0,0,0
462 Hargrave St. ,41F56AAB-9BE5-4A75-BCD8-20A01CE587EC,462 Hargrave St. - Sheryl + Jack 9,3,0,0,75,1,1
287 Young St. ,D99FA3B8-81C6-4A5B-B89D-FA83AC4C055F,287 Young Street - Uncovered,1,5,2,95,65,40
590 University Crescent,5EA67107-AA24-4FA5-BF11-B3EFB8F3AD5F,590 University Crescent - Monthly,1,5,9,1,65,1
400 Tache Ave,B7C951A9-B7B8-41DF-AC7C-7521C2D2445E,400 Tache Pharmacy Monthly Spots,3,0,0,150,1,1
516 Hargrave,0CAF9FE6-EA65-4BDF-893A-6DCCF068933F,516 Hargrave - Uncovered,1,1,4,0,0,0
424 Gertrude Ave.,3CE2B271-09CA-440C-9933-0D4ADB68EA20,424 Gertrude Avenue - Uncovered,2,8,6,105,80,40
839 Panet Road,052FCA73-A834-4C9C-8D68-BAF1EDB66996,839 Panet Road - Guest Parking,0,0,5,0,0,0
925 Chancellor Drive,CEE76AC6-B11A-40B2-BC22-2403DB588EF2,925 Chancellor Drive - Standard Uncovered,1,5,2,0,0,0
1833 Pembina Highway,ECF4381C-794D-4793-86B4-1428265D07E5,1833 Pembina Highway - Uncovered,1,5,2,50,35,25
462 Hargrave St. ,499D3017-4F3E-4DCE-9D0B-516A6C840996,462 Hargrave St. - Cheryl 7,3,0,0,1,75,1
